LELAND|512 S Lavergne Ave Chicago, IL 60644
GREGORY|3715 W Polk St Chicago, IL 60624
SOUTHSIDE HS|7342 S Hoyne Ave Chicago, IL 60636
CAMELOT - EXCEL SOUTHWEST HS|7014 S Washtenaw Ave Chicago, IL 60629
MARSH|9822 S Exchange Ave Chicago, IL 60617
DEPRIEST|139 S Parkside Ave Chicago, IL 60644
TILTON|223 N Keeler Ave Chicago, IL 60624
BANNER WEST HS|819 N Leamington Ave Chicago, IL 60651
PETERSON|5510 N Christiana Ave Chicago, IL 60625
KILMER|6700 N Greenview Ave Chicago, IL 60626
MAYER|2250 N Clifton Ave Chicago, IL 60614
JAMIESON|5650 N Mozart St Chicago, IL 60659
HARVARD|7525 S Harvard Chicago, IL 60620
WASHINGTON HS|3535 E 114th St Chicago, IL 60617
LOWELL|3320 W Hirsch St Chicago, IL 60651
SHIELDS MIDDLE|2611 W 48th St Chicago, IL 60632
CICS - BOND|13300 S Langley Ave Chicago, IL 60827
PRESCOTT|1632 W Wrightwood Ave Chicago, IL 60614
HSA CHTR - CLAY EVANS|Chicago, IL
RAY|5631 S Kimbark Ave Chicago, IL 60637
PERSPECTIVES - TECH HS|8131 S May St Chicago, IL 60620
COLES|8441 S Yates Blvd Chicago, IL 60617
VANDERPOEL|9510 S Prospect Ave Chicago, IL 60643
COURTENAY|4420 N Beacon St Chicago, IL 60640
BARTON|7650 S Wolcott Ave Chicago, IL 60620
JONES HS|700 S State St Chicago, IL 60605
STOCK|7507 W Birchwood Ave Chicago, IL 60631
AUDUBON|3500 N Hoyne Ave Chicago, IL 60618
INSTITUTO - LOZANO HS|2570 S Blue Island Ave Chicago, IL 60608
FINKL|2332 S Western Ave Chicago, IL 60608
YCCS - OLIVE HARVEY|10001 S Woodlawn Ave Chicago, IL 60628
NIXON|2121 N Keeler Ave Chicago, IL 60639
CHICAGO ACADEMY ES|3400 N Austin Ave Chicago, IL 60634
FENGER HS|11220 S Wallace St Chicago, IL 60628
NORTH LAWNDALE - CHRISTIANA HS|1615 S Christiana Ave Chicago, IL 60623
ALDRIDGE|630 E 131st St Chicago, IL 60827
LAKE VIEW HS|4015 N Ashland Ave Chicago, IL 60613
BATEMAN|4220 N Richmond St Chicago, IL 60618
KINZIE|5625 S Mobile Ave Chicago, IL 60638
EBINGER|7350 W Pratt Ave Chicago, IL 60631
YOUNG HS|211 S Laflin St Chicago, IL 60607
LAWNDALE|3500 W Douglas Blvd Chicago, IL 60623
NASH|4837 W ERIE St Chicago, IL 60644-172
YCCS - CHATHAM|9035 S Langley Ave Chicago, IL 60619
AGASSIZ|2851 N Seminary Ave Chicago, IL 60657
NOBLE - JOHNSON HS|6350 S Stewart Ave Chicago, IL 60621
PERSHING|3200 S Calumet Ave Chicago, IL 60616
CULLEN|10650 S Eberhart Ave Chicago, IL 60628
UNO - SOCCER ELEM|5050 S Homan Ave Chicago, IL 60632
LOCKE J|2828 N Oak Park Ave Chicago, IL 60634
MAGIC JOHNSON - N LAWNDALE HS|3222 W Roosevelt Rd Chicago, IL 60624
HIRSCH HS|7740 S Ingleside Ave Chicago, IL 60619
MARSHALL HS|3250 W Adams St Chicago, IL 60624
CARSON|5516 S Maplewood Ave Chicago, IL 60629
EDISON|4929 N Sawyer Ave Chicago, IL 60625
TWAIN|5134 S Lotus Ave Chicago, IL 60638
JENNER|1119 N Cleveland Ave Chicago, IL 60610
OTOOLE|6550 S Seeley Ave Chicago, IL 60636
CHALMERS|2745 W Roosevelt Rd Chicago, IL 60608
JULIAN HS|10330 S Elizabeth St Chicago, IL 60643
CARNEGIE|1414 E 61st Pl Chicago, IL 60637
NOBLE - BULLS HS|2040 W Adams St Chicago, IL 60612
MORGAN PARK HS|1744 W Pryor Ave Chicago, IL 60643
LANGFORD|6010 S Throop St Chicago, IL 60636
FISKE|6020 S Langley Ave Chicago, IL 60637
U OF C - DONOGHUE|707 E 37th St Chicago, IL 60653
NORWOOD PARK|5900 N Nina Ave Chicago, IL 60631
DISNEY II HS|3900 N Lawndale Ave Chicago, IL 60618
MARQUETTE|6550 S Richmond St Chicago, IL 60629
BURNSIDE|650 E 91st Pl Chicago, IL 60619
BROWN R|12607 S Union Ave Chicago, IL 60628
DETT|2131 W Monroe St Chicago, IL 60612
MELODY|3937 W Wilcox St Chicago, IL 60624
UNO - SOCCER HS|5025 S St. Louis Ave Chicago, IL 60632
SKINNER|1260 W Adams St Chicago, IL 60607
KERSHAW|6450 S Lowe Ave Chicago, IL 60621
WEBSTER|4055 W Arthington St Chicago, IL 60624
PRITZKER|2009 W Schiller St Chicago, IL 60622
SHABAZZ - SIZEMORE|6936 S Hermitage Ave Chicago, IL 60636
CICS - WASHINGTON PARK|110 E 61st St Chicago, IL 60637
BRADWELL|7736 S Burnham Ave Chicago, IL 60649
DORE|6108 S Natoma Ave Chicago, IL 60638
SUMNER|4320 W 5th Ave Chicago, IL 60624
IRVING|749 S Oakley Blvd Chicago, IL 60612
COOPER|1624 W 19th St Chicago, IL 60608
COLUMBIA EXPLORERS|4520 S Kedzie Ave Chicago, IL 60632
LEARN - SOUTH CHICAGO|8914 S Buffalo Ave Chicago, IL 60617
NOBLE - DRW HS|931 S Homan Ave Chicago, IL 60624
MARINE LEADERSHIP AT AMES HS|1920 N Hamlin Ave Chicago, IL 60647
SUTHERLAND|10015 S Leavitt St Chicago, IL 60643
SWIFT|5900 N Winthrop Ave Chicago, IL 60660
MURPHY|3539 W Grace St Chicago, IL 60618
AVALON PARK|8045 S Kenwood Ave Chicago, IL 60619
BOGAN HS|3939 W 79th St Chicago, IL 60652
CHRISTOPHER HOUSE|5235 W Belden Ave Chicago, IL 60639
CHICAGO VOCATIONAL HS|2100 E 87th St Chicago, IL 60617
SIMPSON HS|1321 S Paulina St Chicago, IL 60608
REAVIS|834 E 50th St Chicago, IL 60615
WALSH|2015 S Peoria St Chicago, IL 60608
U OF C - WOODSON|4444 S Evans Ave Chicago, IL 60653
UNO - CISNEROS|2744 W Pershing Rd Chicago, IL 60632
MCDADE|8801 S Indiana Ave Chicago, IL 60619
HUGHES C|4247 W 15th St Chicago, IL 60623
YCCS - ASPIRA PANTOJA|3121 N Pulaski Rd Chicago, IL 60641
WEST RIDGE|6700 N Whipple St Chicago, IL 60645
CORKERY|2510 S Kildare Ave Chicago, IL 60623
WHITE|1136 W 122nd St Chicago, IL 60643
KANOON|2233 S Kedzie Ave Chicago, IL 60623
LEARN - 7|3021 W Carroll Ave Chicago, IL 60612
VON STEUBEN HS|5039 N Kimball Ave Chicago, IL 60625
CAMELOT SAFE HS|7877 S Coles Ave Chicago, IL 60649
JAHN|3149 N Wolcott Ave Chicago, IL 60657
CURIE HS|4959 S Archer Ave Chicago, IL 60632
DUBOIS|330 E 133rd St Chicago, IL 60827
PROSSER HS|2148 N Long Ave Chicago, IL 60639
DIXON|8306 S Saint Lawrence Ave Chicago, IL 60619
PEREZ|1241 W 19th St Chicago, IL 60608
RUGGLES|7831 S Prairie Ave Chicago, IL 60619
UNO - MARQUEZ|2916 W 47th St Chicago, IL 60632
ESMOND|1865 W Montvale Ave Chicago, IL 60643
KELLMAN|3030 W Arthington St Chicago, IL 60612
ALBANY PARK|4929 N Sawyer Ave Chicago, IL 60625
TALCOTT|1840 W Ohio St Chicago, IL 60622
UNO - PAZ|2651 W 23rd St Chicago, IL 60608
PERSPECTIVES - JOSLIN HS|1930 S Archer Ave Chicago, IL 60616
FARADAY|3250 W Monroe St Chicago, IL 60624
PORTAGE PARK|5330 W Berteau Ave Chicago, IL 60641
CHICAGO AGRICULTURE HS|3857 W 111th St Chicago, IL 60655
THOMAS|3625 S Hoyne Ave Chicago, IL 60609
EVERGREEN|3537 S Paulina St Chicago, IL 60609
SHOESMITH|1330 E 50th St Chicago, IL 60615
PULASKI|2230 W McLean Ave Chicago, IL 60647
BELDING|4257 N Tripp Ave Chicago, IL 60641
SOUTH SHORE INTL HS|1955 E 75th St Chicago, IL 60649
REVERE|1010 E 72nd St Chicago, IL 60619
MOLLISON|4415 S Dr Martin L King Jr Dr Chicago, IL 60653
BARRY|2828 N Kilbourn Ave Chicago, IL 60641
CICS - LOOMIS|9535 S Loomis St Chicago, IL 60643
MCCUTCHEON|4865 N Sheridan Rd Chicago, IL 60640
NEIL|8555 S Michigan Ave Chicago, IL 60619
SIMEON HS|8147 S Vincennes Ave Chicago, IL 60620
MULTICULTURAL HS|3120 S Kostner Ave Chicago, IL 60623
NORTHSIDE LEARNING HS|3730 W Bryn Mawr Ave Chicago, IL 60659
PATHWAYS IN EDUCATION - LINCOLN SQ HS|4820 N Western Ave Chicago, IL 60625
EDGEBROOK|6525 N Hiawatha Ave Chicago, IL 60646
MIRELES|9000 S Exchange Ave Chicago, IL 60617
INTER-AMERICAN|851 W Waveland Ave Chicago, IL 60613
CAMELOT - EXCEL ENGLEWOOD HS|7141 S Morgan Chicago, IL 60621
SAUCEDO|2850 W 24th Blvd Chicago, IL 60623
KELLER|3020 W 108th St Chicago, IL 60655
YCCS - LATINO YOUTH|2001 S California Ave Chicago, IL 60608
MONROE|3651 W Schubert Ave Chicago, IL 60647
VAUGHN HS|4355 N Linder Ave Chicago, IL 60641
HENRY|4250 N Saint Louis Ave Chicago, IL 60618
BEARD|6445 W Strong St Chicago, IL 60656
CLINTON|6110 N Fairfield Ave Chicago, IL 60659
BYRNE|5329 S Oak Park Ave Chicago, IL 60638
CHAVEZ|4747 S Marshfield Ave Chicago, IL 60609
NETTELHORST|3252 N Broadway St Chicago, IL 60657
HOLMES|955 W Garfield Blvd Chicago, IL 60621
ASHBURN|8300 S St Louis Ave Chicago, IL 60652
ORTIZ DE DOMINGUEZ|3000 S Lawndale Ave Chicago, IL 60623
STEM|1522 W Fillmore St Chicago, IL 60607
GILLESPIE|9301 S State St Chicago, IL 60619
SHIELDS|4250 S Rockwell St Chicago, IL 60632
OTIS|525 N Armour St Chicago, IL 60642
COLEMON|1441 W 119th St Chicago, IL 60643
UNO - SANTIAGO|2510 W Cortez St Chicago, IL 60622
HENDRICKS|4316 S Princeton Ave Chicago, IL 60609
BROWN W|54 N Hermitage Ave Chicago, IL 60612
TEAM HS|6201 S Stewart Ave Chicago, IL 60621
AMANDLA|6800 S Stewart Ave Chicago, IL 60621
JACKSON A|1340 W Harrison St Chicago, IL 60607
FRANKLIN|225 W Evergreen Ave Chicago, IL 60610
JOPLIN|7931 S Honore St Chicago, IL 60620
VON LINNE|3221 N Sacramento Ave Chicago, IL 60618
HARTE|1556 E 56th St Chicago, IL 60637
GRIMES|5450 W 64th Pl Chicago, IL 60638
CLARK ES|1045 S Monitor Ave Chicago, IL 60644
MARINE MILITARY HS|145 S Campbell Ave Chicago, IL 60612
AHS - PASSAGES|1643 W Bryn Mawr Ave Chicago, IL 60660
GARY|3740 W 31st St Chicago, IL 60623
ALCOTT ES|2625 N Orchard St Chicago, IL 60614-157
GAGE PARK HS|5630 S Rockwell St Chicago, IL 60629
FUNSTON|2010 N Central Park Ave Chicago, IL 60647
PENN|1616 S Avers Ave Chicago, IL 60623
KING ES|644 W 71st St Chicago, IL 60621
BROWNELL|6741 S Michigan Ave Chicago, IL 60637
NORTH RIVER|4416 N Troy St Chicago, IL 60625
CLARK HS|5101 W Harrison St Chicago, IL 60644
SCHUBERT|2727 N Long Ave Chicago, IL 60639
YCCS - VIRTUAL|1900 W Van Buren St Chicago, IL 60612
GALLISTEL|10347 S Ewing Ave Chicago, IL 60617
MONTEFIORE|1310 S Ashland Ave Chicago, IL 60608
DISNEY|4140 N Marine Dr Chicago, IL 60613
YCCS - SULLIVAN|8164 S South Chicago Ave Chicago, IL 60617
HOWE|720 N Lorel Ave Chicago, IL 60644
YOUNG WOMENS HS|2641 S Calumet Ave Chicago, IL 60616
BEAUBIEN|5025 N Laramie Ave Chicago, IL 60630
LITTLE BLACK PEARL HS|1060 E 47th St Chicago, IL 60653
UNO - GARCIA HS|4248 W 47th St Chicago, IL 60632
DULLES|6311 S Calumet Ave Chicago, IL 60637
GRESHAM|8524 S Green St Chicago, IL 60620
MANN|8050 S Chappel Ave Chicago, IL 60617
ELLINGTON|243 N Parkside Ave Chicago, IL 60644
BURNHAM|9928 S Crandon Ave Chicago, IL 60617
WASHINGTON H ES|9130 S University Ave Chicago, IL 60619
CHOPIN|2450 W Rice St Chicago, IL 60622
NOBLE - BUTLER HS|821 E 103rd St Chicago, IL 60628
YCCS - MCKINLEY|2920 S Wabash Ave Chicago, IL 60616
AUSTIN BUS & ENTRP HS|231 N Pine Ave Chicago, IL 60644
KIPP CHICAGO - CREATE|4818 W OHIO St Chicago, IL 60644-
UNO - TORRES|4248 W 47th St Chicago, IL 60632
HANCOCK HS|4034 W 56th St Chicago, IL 60629
EVERS|9811 S Lowe Ave Chicago, IL 60628
NKRUMAH|314 W 108th St Chicago, IL 60628
ZAPATA|2728 S Kostner Ave Chicago, IL 60623
LOCKE A|3141 W Jackson Blvd Chicago, IL 60612
RABY HS|3545 W Fulton Blvd Chicago, IL 60624
FULLER|4214 S St Lawrence Ave Chicago, IL 60653
CHICAGO MILITARY HS|3519 S Giles Ave Chicago, IL 60653
PRIETO|2231 N Central Ave Chicago, IL 60639
LENART|8101 S LaSalle St Chicago, IL 60620
BRIDGE|3800 N New England Ave Chicago, IL 60634
EBERHART|3400 W 65th Pl Chicago, IL 60629
NAMASTE|3737 S Paulina St Chicago, IL 60609
HENDERSON|5650 S Wolcott Ave Chicago, IL 60636
SHABAZZ - SHABAZZ|7823 S Ellis Ave Chicago, IL 60619
NOBLE - GOLDER HS|1454 W Superior St Chicago, IL 60642
BLACK|9101 S Euclid Ave Chicago, IL 60619
U OF C - WOODLAWN HS|6420 S University Ave Chicago, IL 60637
MCNAIR|4820 W Walton St Chicago, IL 60651
YCCS - SCHOLASTIC ACHIEVEMENT|4651 W Madison St Chicago, IL 60644
POE|10538 S Langley Ave Chicago, IL 60628
DISNEY II ES|3815 N Kedvale Ave Chicago, IL 60641
CROWN|2128 S Saint Louis Ave Chicago, IL 60623
ADDAMS|10810 S Avenue H Chicago, IL 60617
DAWES|3810 W 81st Pl Chicago, IL 60652
HEDGES|4747 S Winchester Ave Chicago, IL 60609
OGLESBY|7646 S Green St Chicago, IL 60620
BOONE|6710 N Washtenaw Ave Chicago, IL 60645
CLEVELAND|3121 W Byron St Chicago, IL 60618
STEINMETZ HS|3030 N Mobile Ave Chicago, IL 60634
CARROLL|2929 W 83rd St Chicago, IL 60652
NINOS HEROES|8344 S Commercial Ave Chicago, IL 60617
HAMLINE|4747 S Bishop St Chicago, IL 60609
LARA|4619 S Wolcott Ave Chicago, IL 60609
MARSHALL MIDDLE|3900 N Lawndale Ave Chicago, IL 60618
AIR FORCE HS|3630 S Wells St Chicago, IL 60609
STONE|6239 N Leavitt St Chicago, IL 60659
WELLS HS|936 N Ashland Ave Chicago, IL 60622
CUFFE|8324 S Racine Ave Chicago, IL 60620
PRUSSING|4650 N Menard Ave Chicago, IL 60630
FERNWOOD|10041 S Union Ave Chicago, IL 60628
NORTHSIDE PREP HS|5501 N Kedzie Ave Chicago, IL 60625
WASHINGTON G ES|3611 E 114th St Chicago, IL 60617
WHITTIER|1900 W 23rd St Chicago, IL 60608
ONAHAN|6634 W Raven St Chicago, IL 60631
ORR HS|730 N Pulaski Rd Chicago, IL 60624
ASPIRA - EARLY COLLEGE HS|3986 W Barry Ave Chicago, IL 60618
CAMELOT - EXCEL WOODLAWN HS|7530 S South Shore Dr Chicago, IL 60649
ARMSTRONG G|2110 W Greenleaf Ave Chicago, IL 60645
YCCS - CAMPOS|2739 W DIVISION St Chicago, IL 60622-285
CAMELOT SAFE ES|7877 S Coles Ave Chicago, IL 60649
EDWARDS|4815 S Karlov Ave Chicago, IL 60632
NOBLE - BAKER HS|2710 E 89th St Chicago, IL 60617
CHICAGO ARTS HS|2714 W Augusta Blvd Chicago, IL 60622
CASSELL|11314 S Spaulding Ave Chicago, IL 60655
WOODLAWN|6657 S Kimbark Ave Chicago, IL 60637
BRENNEMANN|4251 N Clarendon Ave Chicago, IL 60613
CICS - LONGWOOD|1309 W 95th St Chicago, IL 60643
DECATUR|7030 N Sacramento Ave Chicago, IL 60645
HAYT|1518 W Granville Ave Chicago, IL 60660
SKINNER NORTH|640 W Scott St Chicago, IL 60610
YCCS - AUSTIN CAREER|5352 W Chicago Ave Chicago, IL 60651
COLUMBUS|1003 N Leavitt St Chicago, IL 60622
SHOOP|11140 S Bishop St Chicago, IL 60643
SOLOMON|6206 N Hamlin Ave Chicago, IL 60659
BEASLEY|5255 S State St Chicago, IL 60609
HORIZON - SOUTHWEST|5401 S Western Ave Chicago, IL 60609
LEARN - BUTLER|1132 S Homan Ave Chicago, IL 60624
MAGIC JOHNSON - HUMBOLDT PK HS|2421 W Division Chicago, IL 60622
NOBLE - UIC HS|1231 S Damen Ave Chicago, IL 60608
WADSWORTH|6650 S Ellis Ave Chicago, IL 60637
CICS - ELLISON HS|1817 W 80th St Chicago, IL 60620
PROVIDENCE ENGLEWOOD|6515 S Ashland Ave Chicago, IL 60636
RAVENSWOOD|4332 N Paulina St Chicago, IL 60613
MURRAY|5335 S Kenwood Ave Chicago, IL 60615
YCCS - WESTSIDE HOLISTIC|4909 W Division St Chicago, IL 60651
TANNER|7350 S Evans Ave Chicago, IL 60619
DOOLITTLE|535 E 35th St Chicago, IL 60616
JOHNSON|1420 S Albany Ave Chicago, IL 60623
JENSEN|3030 W Harrison St Chicago, IL 60612
COONLEY|4046 N Leavitt St Chicago, IL 60618
SOUTH SHORE ES|1415 E 70th St Chicago, IL 60637
WESTINGHOUSE HS|3223 W Franklin Blvd Chicago, IL 60624
UNO - FUENTES|2845 W Barry Ave Chicago, IL 60618
WARREN|9239 S Jeffery Ave Chicago, IL 60617
LEE|6448 S Tripp Ave Chicago, IL 60629
PECK|3826 W 58th St Chicago, IL 60629
LASALLE|1734 N Orleans St Chicago, IL 60614
LYON|2941 N McVicker Ave Chicago, IL 60634
PATHWAYS - AVONDALE HS|3100 W Belmont Ave Chicago, IL 60618
PAYTON HS|1034 N Wells St Chicago, IL 60610
SUDER|2022 W Washington Blvd Chicago, IL 60612
SMITH|744 E 103rd St Chicago, IL 60628
YCCS - YOUTH CONNECTION|3424 S State St Chicago, IL 60616
JEFFERSON HS|1100 S Hamilton Ave Chicago, IL 60612
LINCOLN|615 W Kemper Pl Chicago, IL 60614
SPRY ES|2400 S Marshall Blvd Chicago, IL 60623
HITCH|5625 N McVicker Ave Chicago, IL 60646
OWEN|8247 S Christiana Ave Chicago, IL 60652
KIPLING|9351 S Lowe Ave Chicago, IL 60620
UNO - CLEMENTE|2050 N Natchez Ave Chicago, IL 60707
SCHURZ HS|3601 N Milwaukee Ave Chicago, IL 60641
AUSTIN POLY HS|231 N Pine Ave Chicago, IL 60644
SAUGANASH|6040 N Kilpatrick Ave Chicago, IL 60646
OGDEN ES|24 W Walton St Chicago, IL 60610
NIGHTINGALE|5250 S Rockwell St Chicago, IL 60632
NOBLE - COMER|7131 S South Chicago Ave Chicago, IL 60619
UPLIFT HS|900 W Wilson Ave Chicago, IL 60640
PARKSIDE|6938 S East End Ave Chicago, IL 60649
JACKSON M|917 W 88th St Chicago, IL 60620
THORP J|8914 S Buffalo Ave Chicago, IL 60617
BOUCHET|7355 S Jeffery Blvd Chicago, IL 60649
NOBLE - RAUNER HS|1337 W Ohio St Chicago, IL 60642
KELLY HS|4136 S California Ave Chicago, IL 60632
MITCHELL|2233 W Ohio St Chicago, IL 60612
BOWEN HS|2710 E 89th St Chicago, IL 60617
TELPOCHCALLI|2832 W 24th Blvd Chicago, IL 60623
HOYNE|8905 S Crandon Ave Chicago, IL 60617
BRENTANO|2723 N Fairfield Ave Chicago, IL 60647
WATERS|4540 N Campbell Ave Chicago, IL 60625
EARHART|1710 E 93rd St Chicago, IL 60617
ERICSON|3600 W 5th Ave Chicago, IL 60624
PASTEUR|5825 S Kostner Ave Chicago, IL 60629
BURLEY|1630 W Barry Ave Chicago, IL 60657
YCCS - CCA ACADEMY|1231 S Pulaski Rd Chicago, IL 60623
SOCIAL JUSTICE HS|3120 S Kostner Ave Chicago, IL 60623
MAYS|6656 S Normal Blvd Chicago, IL 60621
SCAMMON|4201 W Henderson St Chicago, IL 60641
MANLEY HS|2935 W Polk St Chicago, IL 60612
BRONZEVILLE HS|4934 S Wabash Ave Chicago, IL 60615
LEARN - PERKINS|1700 W 83rd St Chicago, IL 60620
HAY|1018 N Laramie Ave Chicago, IL 60651
NOBLE - PRITZKER HS|4131 W Cortland St Chicago, IL 60639
NOBEL|4127 W Hirsch St Chicago, IL 60651
FALCONER|3020 N Lamon Ave Chicago, IL 60641
BRONZEVILLE LIGHTHOUSE|8 W Root St Chicago, IL 60609
AMUNDSEN HS|5110 N Damen Ave Chicago, IL 60625
DARWIN|3116 W Belden Ave Chicago, IL 60647
UNO - ROGERS PARK|7416 N Ridge Ave Chicago, IL 60645
CATALYST - MARIA|6727 S California Ave Chicago, IL 60629
CAMERON|1234 N Monticello Ave Chicago, IL 60651
PROLOGUE - EARLY COLLEGE HS|1135 N Cleaver Ave Chicago, IL 60642
MCDOWELL|1419 E 89th St Chicago, IL 60619
PLATO|5545 W Harrison St Chicago, IL 60644
CAMRAS|3000 N Mango Ave Chicago, IL 60634
GREELEY|832 W Sheridan Rd Chicago, IL 60613
GRAHAM HS|2347 S Wabash Ave Chicago, IL 60616
SOLORIO HS|5400 S St Louis Ave Chicago, IL 60632
YCCS - ADDAMS|1814 S Union Ave Chicago, IL 60616
PARK MANOR|7037 S Rhodes Ave Chicago, IL 60637
YATES|1839 N Richmond St Chicago, IL 60647
SEWARD|4600 S Hermitage Ave Chicago, IL 60609
NOBLE - ITW SPEER HS|2456 N Mango Ave Chicago, IL 60639
CATALYST - CIRCLE ROCK|5608 W Washington Blvd Chicago, IL 60644
PICCOLO|1040 N Keeler Ave Chicago, IL 60651
FOUNDATIONS|1233 W 109th Pl Chicago, IL 60643
SULLIVAN HS|6631 N Bosworth Ave Chicago, IL 60626
MADISON|7433 S Dorchester Ave Chicago, IL 60619
HEFFERAN|4409 W Wilcox St Chicago, IL 60624
CHICAGO VIRTUAL|38 S Peoria St Chicago, IL 60607
REILLY|3650 W School St Chicago, IL 60618
DE DIEGO|1313 N Claremont Ave Chicago, IL 60622
CLAY|13231 S Burley Ave Chicago, IL 60633
DRAKE|2710 S Dearborn St Chicago, IL 60616
VOISE HS|231 N Pine Ave Chicago, IL 60644
FRAZIER CHARTER|3711 W Douglas Blvd Chicago, IL 60623
BEIDLER|3151 W Walnut St Chicago, IL 60612
SCHMID|9755 S Greenwood Ave Chicago, IL 60628
ERIE|1405 N Washtenaw Ave Chicago, IL 60622
BOND|7050 S May St Chicago, IL 60621
KELVYN PARK HS|4343 W Wrightwood Ave Chicago, IL 60639
MORRILL|6011 S Rockwell St Chicago, IL 60629
CICS - IRVING PARK|3820 N Spaulding Ave Chicago, IL 60618
REINBERG|3425 N Major Ave Chicago, IL 60634
SPENCER|214 N Lavergne Ave Chicago, IL 60644
NEWBERRY|700 W Willow St Chicago, IL 60614
RANDOLPH|7316 S Hoyne Ave Chicago, IL 60636
GOODE HS|7651 S Homan Ave Chicago, IL 60652
HANSON PARK|5411 W Fullerton Ave Chicago, IL 60639
SENN HS|5900 N Glenwood Ave Chicago, IL 60660
GREAT LAKES|8401 S Saginaw Ave Chicago, IL 60617
DUNNE|10845 S Union Ave Chicago, IL 60628
NICHOLSON|6006 S Peoria St Chicago, IL 60621
PLAMONDON|2642 W 15th Pl Chicago, IL 60608
DEWEY|5415 S Union Ave Chicago, IL 60609
PICKARD|2301 W 21st Pl Chicago, IL 60608
FIELD|7019 N Ashland Ave Chicago, IL 60626
TONTI|5815 S Homan Ave Chicago, IL 60629
CHICAGO MATH & SCIENCE HS|7212 N Clark St Chicago, IL 60626
YCCS - YOUTH DEVELOPMENT|7836 S Union Ave Chicago, IL 60620
TURNER-DREW|9300 S Princeton Ave Chicago, IL 60620
SHABAZZ - DUSABLE HS|4934 S Wabash Ave Chicago, IL 60615
HALEY|11411 S Eggleston Ave Chicago, IL 60628
BENNETT|10115 S Prairie Ave Chicago, IL 60628
CARVER MILITARY HS|13100 S Doty Ave Chicago, IL 60627
UNO - BRIGHTON PARK|4420 S Fairfield Ave Chicago, IL 60632
GRISSOM|12810 S Escanaba Ave Chicago, IL 60633
TALMAN|5450 S Talman Ave Chicago, IL 60632
UNO - ZIZUMBO|4248 W 47th St Chicago, IL 60632
MASON|4217 W 18th St Chicago, IL 60623
U OF C - NKO|1119 E 46th St Chicago, IL 60653
CICS - NORTHTOWN HS|3900 W Peterson Ave Chicago, IL 60659
BURROUGHS|3542 S Washtenaw Ave Chicago, IL 60632
AZUELA|4707 W Marquette Rd Chicago, IL 60629
YOUNG ES|1434 N Parkside Ave Chicago, IL 60651
CALMECA|3456 W 38th St Chicago, IL 60632
KIPP CHICAGO - BLOOM|5515 S Lowe Ave Chicago, IL 60621
CICS - HAWKINS HS|801 E 133rd Pl Chicago, IL 60827
MADERO|3202 W 28th St Chicago, IL 60623
LORCA|3231 N Springfield Ave Chicago, IL 60618
JORDAN|7414 N Wolcott Ave Chicago, IL 60626
ASPIRA - HAUGAN|3729 W Leland Ave Chicago, IL 60625
CHICAGO ACADEMY HS|3400 N Austin Ave Chicago, IL 60634
URBAN PREP - BRONZEVILLE HS|521 E 35th St Chicago, IL 60616
HERNANDEZ|3510 W 55th St Chicago, IL 60632
YCCS - INNOVATIONS|17 N State St Chicago, IL 60602
LLOYD|2103 N Lamon Ave Chicago, IL 60639
FARRAGUT HS|2345 S Christiana Ave Chicago, IL 60623
WHITNEY|2815 S Komensky Ave Chicago, IL 60623
GOUDY|5120 N Winthrop Ave Chicago, IL 60640
FARNSWORTH|5414 N Linder Ave Chicago, IL 60630
GOETHE|2236 N Rockwell St Chicago, IL 60647
CAMELOT SAFE - GARFIELD HS|230 N KOLMAR Ave Chicago, IL 60624-212
INTRINSIC HS|4540 W Belmont Ave Chicago, IL 60641
ROWE|1424 N Cleaver St Chicago, IL 60642
BELL|3730 N Oakley Ave Chicago, IL 60618
SHERIDAN|533 W 27th St Chicago, IL 60616
WHISTLER|11533 S Ada St Chicago, IL 60643
ROGERS|7345 N Washtenaw Ave Chicago, IL 60645
LIBBY|5300 S Loomis Blvd Chicago, IL 60609
SANDOVAL|5534 S Saint Louis Ave Chicago, IL 60629
CICS - BASIL|1816 W Garfield Blvd Chicago, IL 60609
ACE TECH HS|5410 S State St Chicago, IL 60609
HUGHES L|240 W 104th St Chicago, IL 60628
YCCS - TRUMAN|1145 W Wilson Ave Chicago, IL 60640
INSTITUTO - LOZANO MASTERY HS|2520 S Western Ave Chicago, IL 60608
NEW FIELD|1707 W Morse Ave Chicago, IL 60626
PILSEN|1420 W 17th St Chicago, IL 60608
LINCOLN PARK HS|2001 N Orchard St Chicago, IL 60614
FAIRFIELD|6201 S Fairfield Ave Chicago, IL 60629
GALILEO|820 S Carpenter St Chicago, IL 60607
VICK|2554 W 113th St Chicago, IL 60655
POLARIS|620 N Sawyer Ave Chicago, IL 60624
MOUNT GREENWOOD|10841 S Homan Ave Chicago, IL 60655
CICS - WRIGHTWOOD|8130 S California Ave Chicago, IL 60652
CHASE|2021 N Point St Chicago, IL 60647
CATHER|2908 W Washington Blvd Chicago, IL 60612
GRAHAM ES|4436 S Union Ave Chicago, IL 60609
MANIERRE|1420 N Hudson Ave Chicago, IL 60610
PERSPECTIVES - MATH & SCI HS|3663 S Wabash Ave Chicago, IL 60653
PHILLIPS HS|244 E Pershing Rd Chicago, IL 60653
DYETT HS|555 E 51st St Chicago, IL 60615
PERSPECTIVES - LEADERSHIP HS|8131 S May St Chicago, IL 60620
GUNSAULUS|4420 S Sacramento Ave Chicago, IL 60632
DOUGLASS HS|543 N Waller Ave Chicago, IL 60644
EPIC HS|8255 S Houston Ave Chicago, IL 60617
HOPE INSTITUTE|1628 W Washington Chicago, IL 60612
CARTER|5740 S Michigan Ave Chicago, IL 60637
TAYLOR|9912 S Avenue H Chicago, IL 60617
OMBUDSMAN - SOUTH HS|6057 S Western Ave Chicago, IL 60636
LOZANO|1501 N Greenview Ave Chicago, IL 60642
SHERWOOD|245 W 57th St Chicago, IL 60621
SALAZAR|160 W Wendell St Chicago, IL 60610
MAGIC JOHNSON - ROSELAND HS|10928 S Halsted Ave Chicago, IL 60661
THORP O|6024 W Warwick Ave Chicago, IL 60634
BURKE|5356 S King Dr Chicago, IL 60615
CICS - AVALON/SOUTH SHORE|1501 E 83rd Pl Chicago, IL 60619
FOREMAN HS|3235 N LeClaire Ave Chicago, IL 60641
YORK HS|2700 S California Ave Chicago, IL 60608
URBAN PREP - WEST HS|1326 W 14th Pl Chicago, IL 60608
SPRY HS|2400 S Marshall Blvd Chicago, IL 60623
DALEY|5024 S Wolcott Ave Chicago, IL 60609
POWELL|7511 S South Shore Dr Chicago, IL 60649
WOODSON|4414 S Evans Ave Chicago, IL 60653
HAMILTON|1650 W Cornelia Ave Chicago, IL 60657
LASALLE II|1148 N Honore St Chicago, IL 60622
CICS - WEST BELDEN|2245 N McVicker Ave Chicago, IL 60639
DEVER|3436 N Osceola Ave Chicago, IL 60634
SABIN|2216 W Hirsch St Chicago, IL 60622
ROBESON HS|6835 S Normal Blvd Chicago, IL 60621
RUIZ|2410 S Leavitt St Chicago, IL 60608
BURBANK|2035 N Mobile Ave Chicago, IL 60639
NATIONAL TEACHERS|55 W Cermak Rd Chicago, IL 60616
MOOS|1711 N California Ave Chicago, IL 60647
GLOBAL CITIZENSHIP|4647 W 47th St Chicago, IL 60632
INSTITUTO - HEALTH|2520 S Western Ave Chicago, IL 60608
HOLDEN|1104 W 31st St Chicago, IL 60608
STAGG|7424 S Morgan St Chicago, IL 60621
OMBUDSMAN - WEST HS|2401 W Congress Pkwy Chicago, IL 60612
YCCS - ASSOCIATION HOUSE|1116 N Kedzie, 4th Floor Ave Chicago, IL 60651
LOGANDALE|3212 W George St Chicago, IL 60618
MCAULIFFE|1841 N Springfield Ave Chicago, IL 60647
SAWYER|5248 S Sawyer Ave Chicago, IL 60632
RYDER|8716 S Wallace St Chicago, IL 60620
GRAY|3730 N Laramie Ave Chicago, IL 60641
TILL|6543 S Champlain Ave Chicago, IL 60637
NOBLE - MUCHIN HS|1 N State St Chicago, IL 60602
CHICAGO TECH HS|1301 W 14th St Chicago, IL 60608
CARVER G|901 E 133rd Pl Chicago, IL 60827
TARKINGTON|3330 W 71st St Chicago, IL 60629
INFINITY HS|3120 S Kostner Ave Chicago, IL 60623
PULLMAN|11311 S Forrestville Ave Chicago, IL 60628
DAVIS N|3014 W 39th Pl Chicago, IL 60632
BLAIR|6751 W 63rd Pl Chicago, IL 60638
KIPP CHICAGO - ASCEND PRIMARY|1440 S Christiana Ave Chicago, IL 60623
FORT DEARBORN|9025 S Throop St Chicago, IL 60620
NOBLE - NOBLE HS|1010 N Noble St Chicago, IL 60622
GREENE|3525 S Honore St Chicago, IL 60609
MCCLELLAN|3527 S Wallace St Chicago, IL 60609
ARMOUR|950 W 33rd Pl Chicago, IL 60608
LEWIS|1431 N Leamington Ave Chicago, IL 60651
ASPIRA - BUSINESS & FINANCE HS|2989 N MILWAUKEE Ave Chicago, IL 60618-734
CAMELOT - CHICAGO EXCEL HS|1257 W 111th St Chicago, IL 60643
GREEN|1150 W 96th St Chicago, IL 60643
YCCS - HOUSTON|7847 S Jeffery Blvd Chicago, IL 60649
CLISSOLD|2350 W 110th Pl Chicago, IL 60643
CICS - BUCKTOWN|2235 N Hamilton Ave Chicago, IL 60647
PEIRCE|1423 W Bryn Mawr Ave Chicago, IL 60660
CARDENAS|2345 S Millard Ave Chicago, IL 60623
EDISON PARK|6220 N Olcott Ave Chicago, IL 60631
HYDE PARK HS|6220 S Stony Island Ave Chicago, IL 60637
NEW SULLIVAN|8331 S Mackinaw Ave Chicago, IL 60617
KOZMINSKI|936 E 54th St Chicago, IL 60615
KENWOOD HS|5015 S Blackstone Ave Chicago, IL 60615
PATHWAYS - ASHBURN HS|3284 W 87th St Chicago, IL 60652
ORIOLE PARK|5424 N Oketo Ave Chicago, IL 60656
GALAPAGOS|3814 W Iowa St Chicago, IL 60651
WELLS ES|249 E 37th St Chicago, IL 60653
SHERMAN|1000 W 52nd St Chicago, IL 60609
RICHARDS HS|5009 S Laflin St Chicago, IL 60609
CAMELOT SAFE - GARFIELD ES|230 N KOLMAR Ave Chicago, IL 60624-212
SOUTH LOOP|1212 S Plymouth Ct Chicago, IL 60605
ROOSEVELT HS|3436 W Wilson Ave Chicago, IL 60625
STEVENSON|8010 S Kostner Ave Chicago, IL 60652
LAVIZZO|138 W 109th St Chicago, IL 60628
OGDEN HS|1250 W Erie St Chicago, IL 60642
BACK OF THE YARDS HS|2111 W 47th St Chicago, IL 60609
CLEMENTE HS|1147 N Western Ave Chicago, IL 60622
BROOKS HS|250 E 111th St Chicago, IL 60628
CLAREMONT|2300 W 64th St Chicago, IL 60636
MONTESSORI ENGLEWOOD|6550 S Seeley Ave Chicago, IL 60636
WILDWOOD|6950 N Hiawatha Ave Chicago, IL 60646
DRUMMOND|1845 W Cortland St Chicago, IL 60622
KENNEDY HS|6325 W 56th St Chicago, IL 60638
BRIGHTON PARK|3825 S Washtenaw Ave Chicago, IL 60632
WENTWORTH|1340 W 71st St Chicago, IL 60636
HARLAN HS|9652 S Michigan Ave Chicago, IL 60628
LITTLE VILLAGE|2620 S Lawndale Ave Chicago, IL 60623
PATHWAYS - BRIGHTON PARK HS|3124 W 47th St Chicago, IL 60632
HAUGAN|4540 N Hamlin Ave Chicago, IL 60625
URBAN PREP - ENGLEWOOD HS|6201 S Stewart Ave Chicago, IL 60621
HUBBARD HS|6200 S Hamlin Ave Chicago, IL 60629
VOLTA|4950 N Avers Ave Chicago, IL 60625
CASALS|3501 W Potomac Ave Chicago, IL 60651
DAVIS M|6730 S Paulina St Chicago, IL 60636
DENEEN|7240 S Wabash Ave Chicago, IL 60619
JUAREZ HS|2150 S Laflin St Chicago, IL 60608
CHRISTOPHER|5042 S Artesian Ave Chicago, IL 60632
NOBLE - ROWE CLARK HS|3645 W Chicago Ave Chicago, IL 60651
WARD L|646 N Lawndale Ave Chicago, IL 60624
LOVETT|6333 W Bloomingdale Ave Chicago, IL 60639
PALMER|5051 N Kenneth Ave Chicago, IL 60630
HERZL|3711 W Douglas Blvd Chicago, IL 60623
COOK|8150 S Bishop St Chicago, IL 60620
OMBUDSMAN - NORTHWEST HS|7500 N Harlem Ave Chicago, IL 60631
CICS - CHICAGOQUEST HS|1443 N Ogden Ave Chicago, IL 60610
HEALY|3010 S Parnell Ave Chicago, IL 60616
CHAPPELL|2135 W Foster Ave Chicago, IL 60625
STOWE|3444 W Wabansia Ave Chicago, IL 60647
ARIEL|1119 E 46th St Chicago, IL 60653
CHICAGO COLLEGIATE|11816 S Indiana Chicago, IL 60628
NORTHWEST|5252 W Palmer St Chicago, IL 60639
BUDLONG|2701 W Foster Ave Chicago, IL 60625
HALE|6140 S Melvina Ave Chicago, IL 60638
YCCS - WEST TOWN|500 N Sacramento Blvd Chicago, IL 60612
ASHE|8505 S Ingleside Ave Chicago, IL 60619
MAGIC JOHNSON - BRAINERD HS|8908 S ASHLAND Ave Chicago, IL 60620-495
PROLOGUE - WINNIE MANDELA HS|7847 S Jeffery Blvd Chicago, IL 60649
TAFT HS|6530 W Bryn Mawr Ave Chicago, IL 60631
MOZART|2200 N Hamlin Ave Chicago, IL 60647
CASTELLANOS|2524 S Central Park Ave Chicago, IL 60623
LANE TECH HS|2501 W Addison St Chicago, IL 60618
UNO - DE LAS CASAS|1641 W 16th St Chicago, IL 60608
WORLD LANGUAGE HS|3120 S Kostner Ave Chicago, IL 60623
LINDBLOM HS|6130 S Wolcott Ave Chicago, IL 60636
BEETHOVEN|25 W 47th St Chicago, IL 60609
ALCOTT HS|2957 N Hoyne Ave Chicago, IL 60618-820
PROLOGUE - JOHNSTON HS|1551 W 95th St Chicago, IL 60643-132
MORTON|431 N Troy St Chicago, IL 60612
PIRIE|650 E 85th St Chicago, IL 60619
HOPE HS|5515 S Lowe Ave Chicago, IL 60621
CALDWELL|8546 S Cregier Ave Chicago, IL 60617
MOUNT VERNON|10540 S Morgan St Chicago, IL 60643
BASS|1140 W 66th St Chicago, IL 60621
DURKIN PARK|8445 S Kolin Ave Chicago, IL 60652
KELLOGG|9241 S Leavitt St Chicago, IL 60620
GARVY|5225 N Oak Park Ave Chicago, IL 60656
KIPP - ASCEND|1616 S Avers Ave Chicago, IL 60623
BRUNSON|932 N Central Ave Chicago, IL 60651
LEARN - MIDDLE|3021 W Carroll Ave Chicago, IL 60612
MATHER HS|5835 N Lincoln Ave Chicago, IL 60659
OROZCO|1940 W 18th St Chicago, IL 60608
DVORAK|3615 W 16th St Chicago, IL 60623
FOSTER PARK|8530 S Wood St Chicago, IL 60620
METCALFE|12339 S Normal Ave Chicago, IL 60628
FRAZIER PROSPECTIVE|4027 W Grenshaw St Chicago, IL 60624
WEST PARK|1425 N Tripp Ave Chicago, IL 60651
BURR|1621 W Wabansia Ave Chicago, IL 60622
JUNGMAN|1746 S Miller St Chicago, IL 60608
BRIGHT|10740 S Calhoun Ave Chicago, IL 60617
TILDEN HS|4747 S Union Ave Chicago, IL 60609
PEACE AND EDUCATION HS|4946 S Paulina St Chicago, IL 60609
UNO - TAMAYO|5135 S California Ave Chicago, IL 60632
RICKOVER MILITARY HS|5900 N Glenwood Ave Chicago, IL 60660
WESTCOTT|409 W 80th St Chicago, IL 60620
GALE|1631 W Jonquil Ter Chicago, IL 60626
WILLIAMS HS|4934 S Wabash Ave Chicago, IL 60615
CICS - PRAIRIE|11530 S Prairie Ave Chicago, IL 60628
DODGE|431 N Troy St Chicago, IL 60612
ROBINSON|4225 S Lake Park Ave Chicago, IL 60653
OKEEFFE|6940 S Merrill Ave Chicago, IL 60649
CORLISS HS|821 E 103rd St Chicago, IL 60628
WACKER|9746 S Morgan St Chicago, IL 60643
MCPHERSON|4728 N Wolcott Ave Chicago, IL 60640
COLLINS HS|1313 S Sacramento Dr Chicago, IL 60623
HAINES|247 W 23rd Pl Chicago, IL 60616
OWENS|12302 S State St Chicago, IL 60628
HAWTHORNE|3319 N Clifton Ave Chicago, IL 60657
NORTH-GRAND HS|4338 W Wabansia Ave Chicago, IL 60639
LEARN - EXCEL|3021 W Carroll Ave Chicago, IL 60612
DIRKSEN|8601 W Foster Ave Chicago, IL 60656
GARVEY|10309 S Morgan St Chicago, IL 60643
LEARN - CAMPBELL|212 S Francisco Ave Chicago, IL 60612
HEARST|4640 S Lamon Ave Chicago, IL 60638
HAMMOND|2819 W 21st Pl Chicago, IL 60623
SMYTH|1059 W 13th St Chicago, IL 60608
SAYRE|1850 N Newland Ave Chicago, IL 60707
MOVING EVEREST|416 N LARAMIE Ave Chicago, IL 60644-190
BARNARD|10354 S Charles St Chicago, IL 60643
MCCORMICK|2712 S Sawyer Ave Chicago, IL 60623
WARD J|2701 S Shields Ave Chicago, IL 60616
HIGGINS|11710 S Morgan St Chicago, IL 60643
HURLEY|3849 W 69th Pl Chicago, IL 60629
NORTH LAWNDALE - COLLINS HS|1313 S Sacramento Dr Chicago, IL 60623
HAMPTON|3434 W 77th St Chicago, IL 60652
PHOENIX MILITARY HS|145 S Campbell Ave Chicago, IL 60612
SMYSER|4310 N Melvina Ave Chicago, IL 60634
DUNBAR HS|3000 S King Dr Chicago, IL 60616
HARPER HS|6520 S Wood St Chicago, IL 60636
LEGACY|4217 W 18th St Chicago, IL 60623
PARKER|6800 S Stewart Ave Chicago, IL 60621
NOBLE - ACADEMY HS|1443 N OGDEN Ave Chicago, IL 60610-100
RUDOLPH|110 N Paulina St Chicago, IL 60612
CANTY|3740 N Panama Ave Chicago, IL 60634
LEGAL PREP HS|4319 W Washington Blvd Chicago, IL 60612
DEVRY HS|3300 N Campbell Ave Chicago, IL 60618
CRANE MEDICAL HS|2245 W Jackson Blvd Chicago, IL 60612
MAGIC JOHNSON - ENGLEWOOD HS|845 W 69th St Chicago, IL 60621
EARLE|2040 W 62nd St Chicago, IL 60636
MCKAY|6901 S Fairfield Ave Chicago, IL 60629
COMMUNITY SERVICES WEST HS|180 N WABASH Ave Chicago, IL 60601-360
BELMONT-CRAGIN|5252 W Palmer St Chicago, IL 60639
HIBBARD|3244 W Ainslie St Chicago, IL 60625
NOBLE - HANSBERRY HS|8748 S Aberdeen St Chicago, IL 60620
CURTIS|32 E 115th St Chicago, IL 60628
BLAINE|1420 W Grace St Chicago, IL 60613
KING HS|4445 S Drexel Blvd Chicago, IL 60653
FULTON|5300 S Hermitage Ave Chicago, IL 60609
EVERETT|3419 S Bell Ave Chicago, IL 60608
