400169,"2456 N Mango Ave Chicago, IL 60639"
609749,"5501 N Kedzie Ave Chicago, IL 60625"
400018,"231 N Pine Ave Chicago, IL 60644"
610518,"231 N Pine Ave Chicago, IL 60644"
609726,"250 E 111th St Chicago, IL 60628"
400035,"7212 N Clark St Chicago, IL 60626"
400097,"2040 W Adams St Chicago, IL 60612"
610570,"6057 S Western Ave Chicago, IL 60636"
610561,"2245 W Jackson Blvd Chicago, IL 60612"
400130,"7836 S Union Ave Chicago, IL 60620"
400057,"1231 S Damen Ave Chicago, IL 60608"
610558,"7651 S Homan Ave Chicago, IL 60652"
400125,"3121 N Pulaski Rd Chicago, IL 60641"
610567,"10928 S Halsted Ave Chicago, IL 60661"
609725,"1744 W Pryor Ave Chicago, IL 60643"
400053,"1454 W Superior St Chicago, IL 60642"
400059,"1313 S Sacramento Dr Chicago, IL 60623"
400176,"7014 S Washtenaw Ave Chicago, IL 60629"
609674,"2100 E 87th St Chicago, IL 60617"
609704,"2345 S Christiana Ave Chicago, IL 60623"
400109,"1551 W 95th St Chicago, IL 60643-132"
400173,"3124 W 47th St Chicago, IL 60632"
609724,"5835 N Lincoln Ave Chicago, IL 60659"
400124,"2920 S Wabash Ave Chicago, IL 60616"
400117,"8748 S Aberdeen St Chicago, IL 60620"
400128,"1231 S Pulaski Rd Chicago, IL 60623"
400066,"3663 S Wabash Ave Chicago, IL 60653"
400141,"1145 W Wilson Ave Chicago, IL 60640"
400148,"2570 S Blue Island Ave Chicago, IL 60608"
610543,"5400 S St Louis Ave Chicago, IL 60632"
400061,"8131 S May St Chicago, IL 60620"
609745,"7342 S Hoyne Ave Chicago, IL 60636"
400133,"17 N State St Chicago, IL 60602"
609694,"4034 W 56th St Chicago, IL 60629"
609716,"4343 W Wrightwood Ave Chicago, IL 60639"
609762,"10330 S Elizabeth St Chicago, IL 60643"
609680,"1034 N Wells St Chicago, IL 60610"
609678,"700 S State St Chicago, IL 60605"
609679,"2148 N Long Ave Chicago, IL 60639"
610582,"845 W 69th St Chicago, IL 60621"
609761,"821 E 103rd St Chicago, IL 60628"
609692,"8147 S Vincennes Ave Chicago, IL 60620"
609766,"4355 N Linder Ave Chicago, IL 60641"
610383,"3120 S Kostner Ave Chicago, IL 60623"
610564,"3900 N Lawndale Ave Chicago, IL 60618"
400010,"5410 S State St Chicago, IL 60609"
610334,"3545 W Fulton Blvd Chicago, IL 60624"
400123,"4651 W Madison St Chicago, IL 60644"
610501,"231 N Pine Ave Chicago, IL 60644"
400091,"1301 W 14th St Chicago, IL 60608"
609711,"6520 S Wood St Chicago, IL 60636"
400086,"6201 S Stewart Ave Chicago, IL 60621"
400115,"6727 S California Ave Chicago, IL 60629"
400036,"38 S Peoria St Chicago, IL 60607"
609740,"936 N Ashland Ave Chicago, IL 60622"
609748,"2700 S California Ave Chicago, IL 60608"
400070,"1135 N Cleaver Ave Chicago, IL 60642"
610573,"7877 S Coles Ave Chicago, IL 60649"
400157,"2710 E 89th St Chicago, IL 60617"
610244,"5101 W Harrison St Chicago, IL 60644"
400056,"3645 W Chicago Ave Chicago, IL 60651"
400054,"4131 W Cortland St Chicago, IL 60639"
400170,"1443 N OGDEN Ave Chicago, IL 60610-100"
609746,"5015 S Blackstone Ave Chicago, IL 60615"
400119,"4319 W Washington Blvd Chicago, IL 60612"
610390,"5900 N Glenwood Ave Chicago, IL 60660"
610565,"7141 S Morgan Chicago, IL 60621"
609718,"6325 W 56th St Chicago, IL 60638"
609753,"3857 W 111th St Chicago, IL 60655"
609750,"1321 S Paulina St Chicago, IL 60608"
400145,"3424 S State St Chicago, IL 60616"
610563,"2111 W 47th St Chicago, IL 60609"
609691,"4338 W Wabansia Ave Chicago, IL 60639"
610385,"3120 S Kostner Ave Chicago, IL 60623"
609734,"6530 W Bryn Mawr Ave Chicago, IL 60631"
610571,"2401 W Congress Pkwy Chicago, IL 60612"
609744,"3730 W Bryn Mawr Ave Chicago, IL 60659"
400022,"2714 W Augusta Blvd Chicago, IL 60622"
609712,"7740 S Ingleside Ave Chicago, IL 60619"
609710,"9652 S Michigan Ave Chicago, IL 60628"
610392,"3120 S Kostner Ave Chicago, IL 60623"
610555,"819 N Leamington Ave Chicago, IL 60651"
400118,"931 S Homan Ave Chicago, IL 60624"
609709,"5630 S Rockwell St Chicago, IL 60629"
610323,"2710 E 89th St Chicago, IL 60617"
609682,"5009 S Laflin St Chicago, IL 60609"
400129,"7847 S Jeffery Blvd Chicago, IL 60649"
610357,"2400 S Marshall Blvd Chicago, IL 60623"
609705,"11220 S Wallace St Chicago, IL 60628"
609722,"2935 W Polk St Chicago, IL 60612"
400127,"5352 W Chicago Ave Chicago, IL 60651"
400085,"4248 W 47th St Chicago, IL 60632"
400104,"2520 S Western Ave Chicago, IL 60608"
400137,"1060 E 47th St Chicago, IL 60653"
610547,"1955 E 75th St Chicago, IL 60649"
400055,"1337 W Ohio St Chicago, IL 60642"
609708,"3235 N LeClaire Ave Chicago, IL 60641"
400013,"3986 W Barry Ave Chicago, IL 60618"
609698,"3939 W 79th St Chicago, IL 60652"
609764,"2150 S Laflin St Chicago, IL 60608"
610506,"6201 S Stewart Ave Chicago, IL 60621"
609693,"3223 W Franklin Blvd Chicago, IL 60624"
609695,"5110 N Damen Ave Chicago, IL 60625"
610394,"900 W Wilson Ave Chicago, IL 60640"
609754,"3519 S Giles Ave Chicago, IL 60653"
609756,"4959 S Archer Ave Chicago, IL 60632"
609769,"2347 S Wabash Ave Chicago, IL 60616"
400033,"1309 W 95th St Chicago, IL 60643"
400064,"1930 S Archer Ave Chicago, IL 60616"
400147,"1257 W 111th St Chicago, IL 60643"
400034,"3900 W Peterson Ave Chicago, IL 60659"
609768,"5515 S Lowe Ave Chicago, IL 60621"
400135,"2001 S California Ave Chicago, IL 60608"
400162,"4540 W Belmont Ave Chicago, IL 60641"
609730,"5900 N Glenwood Ave Chicago, IL 60660"
609676,"3000 S King Dr Chicago, IL 60616"
400012,"6800 S Stewart Ave Chicago, IL 60621"
400139,"8164 S South Chicago Ave Chicago, IL 60617"
400094,"8255 S Houston Ave Chicago, IL 60617"
400062,"8131 S May St Chicago, IL 60620"
610386,"4946 S Paulina St Chicago, IL 60609"
609751,"4445 S Drexel Blvd Chicago, IL 60653"
609738,"2001 N Orchard St Chicago, IL 60614"
400143,"500 N Sacramento Blvd Chicago, IL 60612"
610384,"3120 S Kostner Ave Chicago, IL 60623"
610389,"730 N Pulaski Rd Chicago, IL 60624"
610304,"145 S Campbell Ave Chicago, IL 60612"
400058,"1615 S Christiana Ave Chicago, IL 60623"
610580,"2421 W Division Chicago, IL 60622"
609728,"3436 W Wilson Ave Chicago, IL 60625"
400134,"1814 S Union Ave Chicago, IL 60616"
609729,"3601 N Milwaukee Ave Chicago, IL 60641"
400131,"2739 W DIVISION St Chicago, IL 60622-285"
610513,"3630 S Wells St Chicago, IL 60609"
400106,"6350 S Stewart Ave Chicago, IL 60621"
610566,"3222 W Roosevelt Rd Chicago, IL 60624"
609719,"4015 N Ashland Ave Chicago, IL 60613"
400121,"7416 N Ridge Ave Chicago, IL 60645"
400038,"180 N WABASH Ave Chicago, IL 60601-360"
400105,"521 E 35th St Chicago, IL 60616"
400051,"1010 N Noble St Chicago, IL 60622"
609723,"3250 W Adams St Chicago, IL 60624"
610402,"3300 N Campbell Ave Chicago, IL 60618"
609780,"1920 N Hamlin Ave Chicago, IL 60647"
400175,"7530 S South Shore Dr Chicago, IL 60649"
400108,"801 E 133rd Pl Chicago, IL 60827"
609715,"4136 S California Ave Chicago, IL 60632"
610574,"7847 S Jeffery Blvd Chicago, IL 60649"
400098,"1 N State St Chicago, IL 60602"
400142,"1900 W Van Buren St Chicago, IL 60612"
609727,"244 E Pershing Rd Chicago, IL 60653"
400087,"2641 S Calumet Ave Chicago, IL 60616"
609760,"13100 S Doty Ave Chicago, IL 60627"
609713,"6220 S Stony Island Ave Chicago, IL 60637"
400150,"9035 S Langley Ave Chicago, IL 60619"
610245,"543 N Waller Ave Chicago, IL 60644"
610568,"3100 W Belmont Ave Chicago, IL 60618"
609720,"2501 W Addison St Chicago, IL 60618"
400136,"10001 S Woodlawn Ave Chicago, IL 60628"
609759,"1147 N Western Ave Chicago, IL 60622"
610340,"3400 N Austin Ave Chicago, IL 60634"
609755,"211 S Laflin St Chicago, IL 60607"
609733,"6631 N Bosworth Ave Chicago, IL 60626"
609783,"1100 S Hamilton Ave Chicago, IL 60612"
609739,"3535 E 114th St Chicago, IL 60617"
610499,"1313 S Sacramento Dr Chicago, IL 60623"
610569,"7500 N Harlem Ave Chicago, IL 60631"
609707,"6835 S Normal Blvd Chicago, IL 60621"
610381,"4934 S Wabash Ave Chicago, IL 60615"
609732,"3030 N Mobile Ave Chicago, IL 60634"
610391,"6130 S Wolcott Ave Chicago, IL 60636"
400052,"7131 S South Chicago Ave Chicago, IL 60619"
610380,"4934 S Wabash Ave Chicago, IL 60615"
400149,"5025 S St. Louis Ave Chicago, IL 60632"
400113,"1443 N Ogden Ave Chicago, IL 60610"
400077,"6420 S University Ave Chicago, IL 60637"
400073,"4934 S Wabash Ave Chicago, IL 60615"
609735,"4747 S Union Ave Chicago, IL 60609"
610524,"2957 N Hoyne Ave Chicago, IL 60618-820"
610529,"1250 W Erie St Chicago, IL 60642"
400144,"4909 W Division St Chicago, IL 60651"
400156,"821 E 103rd St Chicago, IL 60628"
400126,"1116 N Kedzie, 4th Floor Ave Chicago, IL 60651"
609737,"5039 N Kimball Ave Chicago, IL 60625"
609741,"6200 S Hamlin Ave Chicago, IL 60629"
400164,"2520 S Western Ave Chicago, IL 60608"
610557,"3284 W 87th St Chicago, IL 60652"
400032,"1817 W 80th St Chicago, IL 60620"
400102,"1326 W 14th Pl Chicago, IL 60608"
610502,"145 S Campbell Ave Chicago, IL 60612"
